0f75ce74f5de5391d06f1a13ef5636b115b2dc4a,DELETE,regular-file,checkpoints/C1_FP32_baseline_best.pt,111380955,
892c10706e5469f4cf08b208e3c7847022e72dad,DELETE,regular-file,checkpoints/C2_4bit_no_noise_best.pt,221151239,
b8170cf4f0757714a0ab2eba69b7338cbab79939,DELETE,regular-file,checkpoints/C3_4bit_noise_standard_best.pt,221152741,
02ff4aab21fe435ab6bb3e8f2648aa2e5cf53567,DELETE,regular-file,checkpoints/C4_4bit_noise_HAT_best.pt,221151596,
a2e9481e6740e30778596adab6ef4876d17d1e48,DELETE,regular-file,checkpoints/C5_4bit_pessimistic_HAT_best.pt,221152970,
a06e96f505a762ee80d855bddedece18a50bfa09,DELETE,regular-file,checkpoints/C6_6bit_noise_HAT_best.pt,221151596,
e66096ac700b53e2e58f85d6bf32098c9fb65c56,DELETE,regular-file,checkpoints/C7_4bit_HAT_ADC4_best.pt,221151239,
889247569b760d1b8632525f8351f7fc9abd6e0c,DELETE,regular-file,checkpoints/C8_4bit_HAT_ADC6_best.pt,221151239,
0701c96e93a6471e8d0e2995938f9b14b1ee46d5,DELETE,regular-file,checkpoints/R1_FP32_baseline_best.pt,89492787,
8b7c897937afb53f1e28547bc86f14a16b7aa42a,DELETE,regular-file,checkpoints/R2_4bit_no_noise_best.pt,134157359,
30ba1b2b281b557169f740129c521639feb91e13,DELETE,regular-file,checkpoints/R3_4bit_noise_standard_best.pt,134158689,
ad1de3ae0653f605f84a0eb0be00321bab9327d0,DELETE,regular-file,checkpoints/R4_4bit_noise_HAT_best.pt,134157634,
61e070cae9f91bdde994e00daba80d09da6d0149,DELETE,regular-file,checkpoints/R5_4bit_pessimistic_HAT_best.pt,134158900,
c910fecf114a8c6e08fd539051eabd601859fb5f,DELETE,regular-file,checkpoints/R6_6bit_noise_HAT_best.pt,134157634,
5a6c1e2e328a2054fa21650271cd1be6f009152a,DELETE,regular-file,checkpoints/V2_hybrid_no_noise_best.pt,80116321,
5ceb59bed878827cc12c7f4bb1f76a556831b74b,DELETE,regular-file,checkpoints/V2_hybrid_no_noise_last.pt,80116513,
a704656cc81b92e2c360692b0b4f504bdb4d9356,DELETE,regular-file,checkpoints/V3_hybrid_standard_noise_standard_train_best.pt,80138114,
9f5d36c9175075d484fb4ab219ae94af61734524,DELETE,regular-file,checkpoints/V3_hybrid_standard_noise_standard_train_last.pt,80138114,
f6f22633fa6b6b59b8b7514c993b5a49c8f4bd92,DELETE,regular-file,checkpoints/V4_hybrid_standard_noise_hat_best.pt,80127235,
fd38a6473ae41ba99942e6698b01871ba214931a,DELETE,regular-file,checkpoints/V4_hybrid_standard_noise_hat_last.pt,80127235,
3d9e74bfac756bcdd45ce2fb86d80bb4915b1656,DELETE,regular-file,checkpoints/V5_hybrid_pessimistic_noise_hat_best.pt,80129754,
fb40cad1e11d66c6b184076984d5b57b6bf1a325,DELETE,regular-file,checkpoints/V5_hybrid_pessimistic_noise_hat_last.pt,80130202,
0aea20dc382ac4b747b9c087dd3c17e059b9d4f3,DELETE,regular-file,checkpoints/V6_hybrid_hat_with_physical_frontend_best.pt,80135019,
c8ef41ff354bb05d7e4fbf5b3069475917faffca,DELETE,regular-file,checkpoints/V6_hybrid_hat_with_physical_frontend_last.pt,80135147,
5944b2767b84394e1faebc629814789cf362c828,DELETE,regular-file,checkpoints/V7_hybrid_hat_with_retention_best.pt,80127043,
7c6508fae5959c3d271afc58bfa3491b617aa6a5,DELETE,regular-file,checkpoints/V7_hybrid_hat_with_retention_last.pt,80127235,
6d02d1bfb925afaa0ea67b854da3b8953a66b01a,DELETE,regular-file,checkpoints/_ensemble/V4_hybrid_standard_noise_hat_best.pt,80127107,
476ad4455dab16a5b6b47d6fb14250a914446201,DELETE,regular-file,checkpoints/_ensemble/V4_hybrid_standard_noise_hat_last.pt,80127299,
4097516fe5745bd466b6ccae5b094f30e8c4a1a1,DELETE,regular-file,checkpoints/_gpt/cifar100/V1_fp32_digital_baseline_best.pt,61601223,
f23182059f1c8a9e75ad0ed2010b318232c12c36,DELETE,regular-file,checkpoints/_gpt/cifar100/V1_fp32_digital_baseline_last.pt,61601415,
8ac8425dcd6b4c98690cd459784433187affe9a9,DELETE,regular-file,checkpoints/_gpt/cifar100/V3_hybrid_standard_noise_standard_train_best.pt,80483138,
ca8317bcc7245c51776c6181d7b5c7bd04448365,DELETE,regular-file,checkpoints/_gpt/cifar100/V3_hybrid_standard_noise_standard_train_last.pt,80484674,
b005ae45ff48f01d0db2f3b0725b6e6425e05c98,DELETE,regular-file,checkpoints/_gpt/cifar100/V4_hybrid_standard_noise_hat_best.pt,80473155,
256131b8bf070ecd94852a3e31490206230157f9,DELETE,regular-file,checkpoints/_gpt/cifar100/V4_hybrid_standard_noise_hat_last.pt,80473795,
1e974b4afab35206420f7bce989cfcbccd11bbd1,DELETE,regular-file,checkpoints/_gpt/convnext_cifar100/C1_FP32_baseline_best.pt,334997683,
264003c4fc96e4663fb6b42f4a4b7bc7a43cd022,DELETE,regular-file,checkpoints/_gpt/convnext_cifar100/C3_4bit_noise_standard_best.pt,445047049,
1d2d477b2638703ac8f941dcaa49a70669a532bb,DELETE,regular-file,checkpoints/_gpt/convnext_cifar100/C4_4bit_noise_HAT_best.pt,445043174,
aeebf5ef67756fa6afbf9c60e13c86e900592864,DELETE,regular-file,checkpoints/_gpt/convnext_cifar100/_invalid_gpt/C3_4bit_noise_standard_best_amp_nan_20260405.pt,445047177,
c8a474874b6bd0d6779e8a157defcd9ae31f1d08,DELETE,regular-file,checkpoints/_gpt/convnext_flowers102/C1_FP32_baseline_best.pt,335014131,
85a5138a8848bab981c7b0692fe53ceb342a3715,DELETE,regular-file,checkpoints/_gpt/convnext_flowers102/C3_4bit_noise_standard_best.pt,445071625,
275500c18c2a60bf4f1dc73eccacd416d74ef5ae,DELETE,regular-file,checkpoints/_gpt/convnext_flowers102/C4_4bit_noise_HAT_best.pt,445067750,
ecf1952397d999225b53a938b2cdb8bb3735bb50,DELETE,regular-file,checkpoints/_gpt/flowers102/V1_fp32_digital_baseline_best.pt,61605063,
55e27c6c25e2ebf4e646d04e343a32a13e289eb1,DELETE,regular-file,checkpoints/_gpt/flowers102/V1_fp32_digital_baseline_last.pt,61609095,
64dbdb316b98e1658b8ae017cb1ebf276283729c,DELETE,regular-file,checkpoints/_gpt/flowers102/V3_hybrid_standard_noise_standard_train_best.pt,80489474,
621d967605da089793af95600d5771a132d984ee,DELETE,regular-file,checkpoints/_gpt/flowers102/V3_hybrid_standard_noise_standard_train_last.pt,80492354,
394fd586e5bba5985927145e82ceff36358497dc,DELETE,regular-file,checkpoints/_gpt/flowers102/V4_hybrid_standard_noise_hat_best.pt,80481219,
b8ff3e1cf00f8f46d92d6732669252855e20dfda,DELETE,regular-file,checkpoints/_gpt/flowers102/V4_hybrid_standard_noise_hat_last.pt,80481475,
62c691df871b7ecba2f59fd7aabf4ba531c7382d,DELETE,regular-file,checkpoints/_gpt/task23/c4_nl_moderate/C4_4bit_noise_HAT_best.pt,443936166,
5ca3bb623af9f741dbd83bf38253143a8f37f126,DELETE,regular-file,checkpoints/_gpt/task23/v4_nl_moderate/V4_hybrid_standard_noise_hat_best.pt,80123331,
8c74525d1839fa3ce21ec5db05427b85a9bf8f78,DELETE,regular-file,checkpoints/_gpt/task23/v4_nl_moderate/V4_hybrid_standard_noise_hat_last.pt,80127299,
5715d74c56e0e15b298c71952794b2507f0501be,DELETE,regular-file,checkpoints/_gpt/task23/v4_nl_severe/V4_hybrid_standard_noise_hat_best.pt,80123395,
6a8192bb713c4a9ffe0bee6f0b6271d1f9aa9f3a,DELETE,regular-file,checkpoints/_gpt/task23/v4_nl_severe/V4_hybrid_standard_noise_hat_last.pt,80127299,
bfe00bad2314cc81be68b5a4c89c936742843db4,DELETE,regular-file,checkpoints/_gpt/task34_v4_proportional_hat/V4_hybrid_standard_noise_hat_best.pt,80127171,
724d647169f3b81bf13e55eaf8d75163754070e6,DELETE,regular-file,checkpoints/_gpt/task34_v4_proportional_hat/V4_hybrid_standard_noise_hat_last.pt,80127299,
00e90cc78d9ae992aecb84e662a124dd8400ee4b,DELETE,regular-file,checkpoints/_gpt/task35_v4_nl2_hat/V4_hybrid_standard_noise_hat_best.pt,80123523,
a4d0eb406660c0aace504af1bc705f8fa7861ab8,DELETE,regular-file,checkpoints/_gpt/task35_v4_nl2_hat/V4_hybrid_standard_noise_hat_last.pt,80127299,
b6769e48acfbddb40cf47fd75dd429504025f904,DELETE,regular-file,checkpoints/_gpt/task36_c4_proportional_hat/C4_4bit_noise_HAT_best.pt,443936166,
