source_tex	include_arg	resolved_asset
thesis/en/chapter_2_framework.tex	../latex_gpt/figures/fig1_system_architecture	paper/latex_gpt/figures/fig1_system_architecture.pdf
thesis/xjtu_template/Main_Spine/c2.tex	../../latex_gpt/figures/fig1_system_architecture	paper/latex_gpt/figures/fig1_system_architecture.pdf
thesis/cn/chapter_1_introduction.tex	../latex_gpt/figures/figS3_ensemble_hat	paper/latex_gpt/figures/figS3_ensemble_hat.pdf
thesis/cn/chapter_3_methodology.tex	../latex_gpt/figures/figS3_ensemble_hat	paper/latex_gpt/figures/figS3_ensemble_hat.pdf
thesis/en/chapter_3_hat_taxonomy.tex	../latex_gpt/figures/figS3_ensemble_hat	paper/latex_gpt/figures/figS3_ensemble_hat.pdf
thesis/xjtu_template/Main_Spine/c3.tex	../../latex_gpt/figures/figS3_ensemble_hat	paper/latex_gpt/figures/figS3_ensemble_hat.pdf
thesis/cn/chapter_1_introduction.tex	../latex_gpt/figures/figS3_ensemble_hat	paper/latex_gpt/figures/figS3_ensemble_hat.png
thesis/cn/chapter_3_methodology.tex	../latex_gpt/figures/figS3_ensemble_hat	paper/latex_gpt/figures/figS3_ensemble_hat.png
thesis/en/chapter_3_hat_taxonomy.tex	../latex_gpt/figures/figS3_ensemble_hat	paper/latex_gpt/figures/figS3_ensemble_hat.png
thesis/xjtu_template/Main_Spine/c3.tex	../../latex_gpt/figures/figS3_ensemble_hat	paper/latex_gpt/figures/figS3_ensemble_hat.png
thesis/en/chapter_4_failure_modes.tex	../latex_gpt/figures/figS_corr_d2d	paper/latex_gpt/figures/figS_corr_d2d.pdf
thesis/xjtu_template/Main_Spine/c4.tex	../../latex_gpt/figures/figS_corr_d2d	paper/latex_gpt/figures/figS_corr_d2d.pdf
thesis/en/chapter_4_failure_modes.tex	../latex_gpt/figures/figS_corr_d2d	paper/latex_gpt/figures/figS_corr_d2d.png
thesis/xjtu_template/Main_Spine/c4.tex	../../latex_gpt/figures/figS_corr_d2d	paper/latex_gpt/figures/figS_corr_d2d.png
thesis/cn/chapter_3_methodology.tex	../latex_gpt/figures/fig_fresh_instance_ablation	paper/latex_gpt/figures/fig_fresh_instance_ablation.pdf
thesis/en/chapter_3_hat_taxonomy.tex	../latex_gpt/figures/fig_fresh_instance_ablation	paper/latex_gpt/figures/fig_fresh_instance_ablation.pdf
thesis/xjtu_template/Main_Spine/c3.tex	../../latex_gpt/figures/fig_fresh_instance_ablation	paper/latex_gpt/figures/fig_fresh_instance_ablation.pdf
thesis/cn/chapter_3_methodology.tex	../latex_gpt/figures/fig_fresh_instance_ablation	paper/latex_gpt/figures/fig_fresh_instance_ablation.png
thesis/en/chapter_3_hat_taxonomy.tex	../latex_gpt/figures/fig_fresh_instance_ablation	paper/latex_gpt/figures/fig_fresh_instance_ablation.png
thesis/xjtu_template/Main_Spine/c3.tex	../../latex_gpt/figures/fig_fresh_instance_ablation	paper/latex_gpt/figures/fig_fresh_instance_ablation.png
